nan,134759
kuguo,2897
dowgin,2743
artemis,1119
airpush,1036
jiagu,668
revmob,633
genpua,584
feiwo,506
smspay,490
eldorado,355
igexin,265
deng,250
baiduprotect,249
leadbolt,222
anydown,192
tencentprotect,157
cussul,117
wapsx,106
kyview,95
fictus,82
adwo,72
youmi,70
gingermaster,68
scamapp,67
mobisec,57
apptrack,53
xinhua,50
ginmaster,49
waps,45
startapp,43
plankton,40
avagent,40
domob,38
xinyinhe,37
hiddenapps,36
viser,33
inmobi,32
genbl,32
mulad,31
pandaad,31
appquanta,30
skymobi,30
admogo,25
fakeind,25
adcolony,24
autoins,24
dilidi,22
dianjin,20
apperhand,19
cimsci,16
hiddenapp,16
smsspy,16
secapkpacker,15
appsgeyser,13
cve,13
secneo,12
gxxqa,12
adshell,12
ysapk,11
autoinst,11
gvuk,11
smforw,10
hiddenap,10
adleak,10
mobclick,9
adflex,9
wiyun,9
gxxox,9
cauly,9
adpush,9
ppoer,8
ramnit,8
podec,8
wondertek,8
morepaks,7
obtes,7
mobilepay,7
ijiami,6
tachi,6
cnzz,6
gxxoj,6
ksapp,6
ultima,6
snailcut,6
hypay,6
silverpush,6
lotoor,6
appflood,5
floatgame,5
delayload,5
nandrobox,5
moplus,5
sodsack,5
umeng,5
mobwin,5
gvud,4
stiniter,4
inor,4
ixegin,4
gexin,4
minimob,4
rooter,4
gxang,4
gxarn,4
koomer,4
nineap,4
droidkungfu,4
edurqu,4
basebridge,4
kalfere,4
smsthief,4
spyforw,4
gxagc,4
finefocus,3
gxamw,3
cbtba,3
droidrooter,3
ogel,3
gxxok,3
hiddenads,3
gvus,3
gxamn,3
commplat,3
ganlet,3
dspurj,3
pircob,3
gxamp,3
callflakes,3
adswo,3
dogwin,3
drgtwa,3
adend,3
gvum,3
dsthfg,3
dzhtny,3
bauts,3
ztorg,3
gxamv,3
inazigram,3
gxamh,3
gxagy,2
spyagent,2
gvuu,2
joye,2
gxytb,2
wateh,2
gxwev,2
dianle,2
tetus,2
triada,2
gxanf,2
mobiad,2
kazy,2
adloader,2
gvuc,2
dytvup,2
zhui,2
reconyc,2
ads,2
goyear,2
hfbao,2
gxaoj,2
adfeiwo,2
admediav,2
mmbilling,2
gxani,2
sendpay,2
gxwyu,2
lirose,2
smskey,2
gxanj,2
fareac,2
gxxuk,2
andup,2
gxpov,2
expkit,2
tapjoy,2
scamad,2
gxysm,2
smsagent,2
kirko,2
nagaprotect,2
gxxni,2
gvup,2
virut,2
gvuo,2
buzztouch,2
gxalr,2
gxafu,2
dexprotector,2
xiny,2
batmob,2
mobby,2
revo,2
gxapc,2
exploid,2
shixot,2
txprotect,2
groi,1
axbfa,1
gxamb,1
axbgh,1
gxapy,1
gvue,1
cbtmga,1
gxxui,1
gxajx,1
dinehu,1
evilcert,1
ggske,1
gxxsa,1
coogos,1
smsbot,1
simpo,1
spydiotrack,1
axbpb,1
gsay,1
gxxgo,1
dxgdta,1
msbgion,1
gxlai,1
ghhig,1
dzbmci,1
gxytl,1
gxafw,1
privacyrisk,1
grej,1
axbrb,1
opfake,1
aliyuncs,1
cata,1
gxaqs,1
gxxiq,1
moavt,1
gxamm,1
lyzhen,1
gosl,1
gxpoj,1
gxacd,1
gxytk,1
gxytm,1
gxxqe,1
gxzby,1
gxytc,1
mobeleader,1
auol,1
gxxno,1
gxarm,1
torjok,1
gxxhy,1
gxalz,1
amcn,1
appslistspy,1
vemnotiba,1
grni,1
gxxqo,1
gxath,1
mobdown,1
gron,1
wtxa,1
suaban,1
gxpri,1
gxagu,1
gxana,1
ninebox,1
skplanet,1
megall,1
gxzeq,1
gxagv,1
gxauy,1
gxyor,1
carey,1
gxass,1
gxxoi,1
cgpa,1
openconnection,1
drpxhi,1
gxaun,1
gxwyb,1
onyowhwolqd,1
gibdy,1
wvum,1
gxeue,1
sysservice,1
gxwys,1
dztrot,1
gxamo,1
gxafs,1
gvui,1
gxaka,1
gvuv,1
blatantsms,1
roguesppush,1
lotusid,1
stopsms,1
glux,1
appin,1
grqo,1
axbfc,1
gvul,1
opdd,1
gxzed,1
najin,1
gxagi,1
gappusinac,1
repacked,1
aaaaaaadvj,1
gxzao,1
yeahmobi,1
gvub,1
gxzla,1
gxarc,1
dmubav,1
gxxue,1
gxamg,1
rootsmart,1
gxxuj,1
karg,1
acecard,1
gxalc,1
gxxgy,1
gxand,1
gxace,1
buqf,1
zypush,1
axent,1
hijad,1
odpa,1
goqo,1
dztaeb,1
amfy,1
iqiad,1
pokead,1
gxaqy,1
botpanda,1
rabbhome,1
dzgntf,1
gxytt,1
efun,1
opencandy,1
dyzrox,1
inazun,1
malctvu,1
gxwau,1
basti,1
gxwbe,1
axbsa,1
fogod,1
viking,1
gxafo,1
gxams,1
hamob,1
axbk,1
adwrccd,1
gxxuo,1
sypay,1
gvvy,1
gxaie,1
gxarz,1
youm,1
gamex,1
douwan,1
spybubble,1
gxwcy,1
onexuan,1
egamefee,1
obfjs,1
amfs,1
gxocr,1
axbab,1
zitmo,1
tebak,1
glpo,1
gxamc,1
gxaqf,1
gxxhi,1
adiwky,1
hiddenad,1
drkswf,1
axvp,1
ilulg,1
cpny,1
gxerr,1
gxanz,1
gror,1
gvur,1
gomunc,1
gxaiv,1
edwbqq,1
gxalu,1
igamo,1
gidleak,1
gxaob,1
jopsik,1
gxagd,1
suad,1
gxask,1
gxwzo,1
instapp,1
gxamz,1
